<keymap version="1" name="GNOME copy" parent="Default for GNOME">
  <action id="$Redo">
    <keyboard-shortcut first-keystroke="shift alt back_space" />
    <keyboard-shortcut first-keystroke="ctrl y" />
  </action>
  <action id="Compose.Live.Edit.ManualLiveEdit" />
  <action id="Editor Redo">
    <keyboard-shortcut first-keystroke="ctrl y" />
  </action>
  <action id="EditorDeleteLine" />
  <action id="Flutter.Toolbar.ReloadAction" />
  <action id="Flutter.Toolbar.ReloadAllAction">
    <keyboard-shortcut first-keystroke="ctrl alt back_slash" />
    <keyboard-shortcut first-keystroke="ctrl back_slash" />
  </action>
  <action id="UpdateRunningApplication" />
  <action id="android.deploy.ApplyChanges">
    <keyboard-shortcut first-keystroke="ctrl f10" />
  </action>
  <action id="android.deploy.CodeSwap">
    <keyboard-shortcut first-keystroke="ctrl alt f10" />
  </action>
</keymap>